"longitude","latitude","StepLength","TurnAngle"
-121.784480725971,37.2152726552189,0.764411055779433,-58.473168720568
-121.784488010823,37.2152863518649,1.65149946980725,-118.92411161145
-121.784502170771,37.2152718738795,2.03945664381843,-135.15359722032
-121.784444180355,37.2152776684119,5.18598018764829,175.990939491084
-121.784456989497,37.2152756525917,1.15845368058697,31.5447446730047
-121.784529549715,37.215297251359,6.87037115258918,166.993484562625
-121.784425968179,37.2152864798205,9.26898308560587,164.218438560384
-121.784488010823,37.215279176361,5.5648799704077,15.9887938962874
-121.784525907297,37.2152832275232,3.39272837852092,-170.699982550721
-121.784472500159,37.2152702389721,4.95349688330583,-152.605925681145
-121.784491653247,37.2152644981694,1.64339588950735,-138.707753709141
-121.784441478837,37.2152667151994,4.45911325856828,-156.423126925814
-121.78451403903,37.2152883139682,6.87027699255844,-169.531915785331
-121.784490302521,37.2152769603241,2.45427383335688,38.8312427323051
-121.784488010823,37.2152720008557,0.586535940114263,143.637406596596
-121.78455692868,37.2153082778173,7.32124875484135,-178.451638836883
-121.784496236645,37.2152744171024,6.56659952514152,-160.282549398153
-121.784537775571,37.2153211941537,6.36590791010004,-96.5901384752126
-121.784570147639,37.2152979047014,3.86382260602333,53.0807787645918
-121.784905981527,37.2153506368201,30.3699028805524,-174.517773508268
-121.784330612646,37.2152135449461,53.2743862050091,-165.594385450259
-121.784590241816,37.2153382875868,26.8765741389676,-170.902132715225
-121.784464274358,37.2152534717209,14.6119373583284,-170.533719966636
-121.784484368398,37.2152723280372,2.74891812348031,1.91290455064362
-121.784498528347,37.2152865520859,2.01729881170312,-175.51895540531
-121.784480725971,37.2152654797084,2.82163399512336,153.385476621343
-121.784499879068,37.2152740899198,1.94965444339356,91.726569893826
-121.784486660094,37.2152916385246,2.27312965049914,164.622943366321
-121.78449259422,37.2152747442851,1.94703440280339,80.3776014365126
-121.784553286268,37.2152799029512,5.41602668006025,177.672937637691
-121.784500820051,37.2152771605352,4.66561088033602,-16.881498897373
-121.784382137822,37.2152993228147,10.8147777603998,-174.825831729488
-121.784525907297,37.2152832275232,12.8820373456746,-49.0985320330522
-121.784543709711,37.2152612468043,2.90589462190532,-151.116997727885
-121.784525907297,37.215268876492,1.79228968840838,13.8901417843913
-121.784483017666,37.2152776146903,3.92743506293305,-121.400226230777
-121.784506754184,37.2152961438563,2.94318666097934,-168.749974271316
-121.784498528347,37.2152865520859,1.29050195322342,-11.2528467705699
-121.78449259422,37.2152819197962,0.735762202569915,-19.0305802466474
-121.78447479185,37.21527519844,1.74697077589048,-175.931126201645
-121.784493944945,37.2152838086467,1.94970232125709,169.422801063703
-121.784439187163,37.215268931239,5.131777950096,27.1960021472738
-121.784007936638,37.214912263108,55.0500319293245,180
-121.784480725971,37.2153013572469,60.1988929775815,-84.2509200529468
-121.784497587367,37.2152906569642,1.90995506070088,5.61848585690257
-121.784511747321,37.2152833544934,1.49517119369692,162.404805344323
-121.784509455614,37.215285570528,0.319111721270338,106.6993629479
-121.784499879068,37.2152740899198,1.53127171014784,31.23580362652
-121.784498938087,37.2152566683079,1.93483336014261,-170.225968689349
-121.78449259422,37.2152962708142,4.42995068441543,-125.477357124124
-121.784498528347,37.2152937275959,0.597352367439366,96.2794019442766
-121.784504462476,37.2153055353956,1.41182311314189,-91.6761474451766
-121.784519973162,37.2153001217687,1.50174471852982,-87.8477005729271
-121.784511747321,37.2152833544934,1.998473041801,-65.1027874040387
-121.784488951793,37.2152822469808,2.02651801110539,-163.028995397231
-121.784510396608,37.2152886411553,2.03090782830595,-140.450605101713
-121.784498528347,37.2152722010617,2.106327543378,-81.5141182059888
-121.78440047105,37.215303121132,9.35311478806051,-68.4810414579721
-121.784381317908,37.2153232129549,2.22318245872076,-77.9074813551017
-121.784396828595,37.2153465013773,2.92763492402206,120.814223935126
-121.783604668993,37.2153158503173,70.3763541773319,68.4414023274321
-121.783522944235,37.2151237258713,22.5166088614831,48.9499028541247
-121.783530757984,37.2151129724171,1.38003188347632,128.092921140931
-121.78371324429,37.2154788709165,43.7080736453628,-83.5816001178518
-121.78405071966,37.2154048937429,31.0511077796498,0.599525605408246
-121.7843799671,37.2153356751571,30.2090600730421,8.32251205134759
-121.784401821842,37.2153337119834,1.95153778356962,-156.768053295499
-121.784376734604,37.2153276449824,2.32571415282975,156.773150550648
-121.784380377061,37.2153273177894,0.325219079251703,90.5388489581798
-121.784384019516,37.2153556925796,3.16485578941033,-155.142479679695
-121.78440047105,37.215317472153,4.48495271932195,-153.45027008797
-121.784387252022,37.2153278452565,1.64325446916758,-19.5188238037556
-121.784375383795,37.2153472826797,2.40016232124201,-66.4668665369287
-121.784395477799,37.2153661390969,2.74891812348031,-154.745281260874
-121.784386311169,37.2153391255859,3.10562648489551,-14.5627754786731
-121.784384960366,37.215337236775,0.241478487788401,-4.29683581784425
-121.784367158038,37.2153161643722,2.8217161293522,148.478464465865
-121.784389953623,37.2153244473919,2.2218549117548,-136.178703003694
-121.784363925566,37.2152722567417,6.23424916709398,165.642696955704
-121.784444711432,37.2153608513662,12.1660418893425,81.648140816947
-121.784431492424,37.2153712244764,1.64339588950735,149.765493472426
-121.784451055384,37.2153140733055,6.57438925631787,167.496816222831
-121.784447003114,37.2153801618694,7.34160231052753,150.249581978987
-121.784427849977,37.2153500251719,3.75090658002424,-39.258535565973
-121.784374032984,37.2153310428523,5.21937955496826,-137.345828648137
-121.784417863515,37.2154114815895,9.73560544811052,-135.233746930353
-121.784439718226,37.215366465281,5.3579841013628,-75.4478694442226
-121.784377675447,37.215330715658,6.78549519672728,-142.133755278609
-121.784397769462,37.2153854496244,6.32922008516144,-168.320494455319
-121.784394127001,37.215349899276,3.95768261564121,29.6449313341214
-121.78440047105,37.2153389986741,1.33398613505643,-46.8600525207953
-121.784394536936,37.215327190869,1.41204619320045,-127.676255430463
-121.784370390519,37.2153600720908,4.23085151274822,-154.917398473381
-121.784399120257,37.2153442853715,3.09301153758068,-5.95382921896527
-121.784505813194,37.2152715466973,12.440676060891,-160.096543592438
-121.784496236645,37.2152744171024,0.907456803513269,14.1260833871139
-121.78449259422,37.2152747442851,0.325330739613711,-77.2756700218217
-121.784490302521,37.2152913113377,1.84934164380244,-175.086147506908
-121.784493944945,37.2152766331411,1.66033358103083,-180
-121.784488951793,37.2152965980026,2.25907097183592,-15.1170407956446
-121.784490302521,37.2153128378479,1.80587071375494,177.007704190962
-121.784488951793,37.2153037735115,1.0128438415798,9.10641694989738
-121.784490302521,37.2152769603241,2.97752109241867,-98.3741469797021
-121.784374442955,37.2152868079757,10.3389681632489,-74.5082596559029
-121.784356230646,37.2153745499855,9.8684856006642,-171.08932012068
-121.784369449684,37.2153426503782,3.72875232463431,115.978855990164
-121.784359873112,37.2153455207772,1.3902166306281,92.9608115252277
-121.784362164757,37.2153361292644,1.06173874442805,123.265113048032
-121.784368098869,37.2153407615685,0.735831129028599,-97.65419739566
-121.784375383795,37.2153329316696,1.08292894080213,113.346152701963
-121.784387252022,37.2153493717798,2.10622532477395,-110.398416212323
-121.78438954368,37.2153471557754,0.319033854572633,-62.9642205510348
-121.784343421627,37.2152617576482,10.3213369085714,173.591004609242
-121.784346123286,37.2152655353787,0.482835385368576,66.4248889638368
-121.784331553434,37.215281195092,2.16571823235806,107.989958867886
-121.78429688965,37.2152421209096,5.31567116656331,-177.943061644067
-121.784371741333,37.2153332588643,12.0983957491328,-97.5240087469133
-121.784412339285,37.2153052102171,4.76062778425474,31.0860163388415
-121.784491243493,37.2152943819719,7.10402716303434,41.4845121845565
-121.784549643854,37.2153232832304,6.09423872402846,-131.218372122929
-121.784539126265,37.2152728544146,5.67255514397365,136.279720414459
-121.784543709711,37.2152755978456,0.508129048623578,-86.6527144134971
-121.784587540495,37.2152340525518,6.03119779315437,-163.400710523523
-121.784473850897,37.215293654325,12.0626645093405,-173.764873480876
-121.784650934035,37.2152214623151,17.6375478075713,169.432089211213
-121.784498528347,37.2153152541177,17.0644679683646,175.28036916255
-121.784729428924,37.2151472355432,27.7010538296106,-151.633257556722
-121.784541417987,37.2151845320672,17.189099163968,-3.80803897712784
-121.784499879068,37.2151951592488,3.87012276037431,-92.5536550285768
-121.784502170771,37.2152001186951,0.586665159337066,-9.436144987413
-121.784503521489,37.2152020076076,0.241427774098673,9.43264019335766
-121.784505813194,37.2152069670545,0.58657181944426,104.407692779029
-121.784467916785,37.2152100915035,3.38065934685919,-178.817166869119
-121.784527257999,37.215206185694,5.28359696149858,-149.136610034044
-121.784482076704,37.2151884379255,4.46676162400859,-78.6041694413105
-121.784460631929,37.2152107458323,3.12218121930485,66.3603554023424
-121.784416801521,37.2152020624772,4.00694234026299,176.689868172461
-121.784553286268,37.2152224987655,12.3217521624508,-160.741266273789
-121.784473850897,37.2151860217263,8.12814445461269,165.796933498596
-121.78451403903,37.2151950322113,3.70364940248065,161.075065822476
-121.784430020486,37.2151988649282,7.46778929596337,-178.315402541441
-121.784497587367,37.2151973753264,5.99799607423657,-134.116623364394
-121.784485719128,37.2151881107662,1.47152440709839,-129.349319936342
-121.784484368398,37.2152005728898,1.38786066246344,-27.9960462872816
-121.784488010823,37.2152074212462,0.825683821073849,-73.0132754526951
-121.784544119368,37.2152026609576,5.00682183492536,135.684400895049
-121.784502170771,37.2152431718222,5.83598109352077,-35.7865137362553
-121.784498528347,37.2152865520859,4.82399293736859,-53.2445716183601
-121.784531841433,37.2153093863513,3.89327056890429,-153.646390013563
-121.784528199014,37.2153025380316,0.82572414246836,-46.7841937769524
-121.784519973162,37.2153001217687,0.777595383662106,-122.105128703317
-121.784528199014,37.2153312400753,3.52897076228095,57.4822030758059
-121.784488542033,37.2153623594506,4.92997577346521,93.423479665123
-121.784407755954,37.2152881157381,10.9200452490001,-127.745870346598
-121.784349234952,37.2146797377182,69.3014031265628,14.3275623100479
-121.784390773504,37.214496895116,20.6191170493637,-64.6000391027877
-121.784200353437,37.2143874676977,20.8071663510093,19.6786158837954
-121.78382880646,37.2139570872547,58.0286632081255,-16.1209686019788
-121.782096442175,37.2128247987416,198.534202835061,-15.5125528600333
-121.779622491114,37.211954361067,239.844189536322,17.5783381268821
-121.778776152748,37.2113591677833,100.009630256153,-4.1949329184994
-121.777081757117,37.2103331008459,188.601402666059,-1.32203215031231
-121.775465052884,37.2094001791698,176.914768199297,33.7420804852214
-121.774442138373,37.2072057841793,259.848313971668,-8.84735356360218
-121.773401113061,37.205721639352,188.817712441777,-99.108090957221
-121.773384246947,37.2057323330343,1.91010460477724,-158.400837694553
-121.773397468162,37.2057291399243,1.22572017224811,-39.1711967968788
-121.773572626372,37.205521625422,27.7807777100336,-179.22024807826
-121.773369667312,37.2057551590624,31.5569265688846,-166.690164136235
-121.773513810185,37.2056517637426,17.1829386309936,-158.01302431885
-121.773254684365,37.2057267863813,24.4571665484358,175.69365093065
-121.773429411761,37.2056639627453,17.0014404807284,175.118408278547
-121.773290272639,37.205725871726,14.1302997649605,-168.610019972127
-121.773398396283,37.2056963184595,1.78579126815417,-111.764238243611
-121.773238746125,37.2056974823331,14.1693486646496,-172.190037871292
-121.773326789023,37.2057064881995,7.87735234743002,-114.921858479385
-121.773306210774,37.2056547078195,6.02850607099463,134.607728732177
-121.773513380128,37.2057390436586,20.6302229106119,176.285686127534
-121.77333086434,37.2056762947417,17.6309205159767,-15.4459250968618
-121.773210017148,37.2056630309713,10.825545507547,-172.024662084746
-121.773407972602,37.2057078022384,18.2571621428181,-6.11296665980819
-121.773505592176,37.2057211154714,8.78851902512617,-177.941262066524
-121.773407044471,37.2057047422158,8.93269748334679,-80.4954696558018
-121.773392464867,37.2057347445209,3.57151249748902,115.326327648678
-121.773355948342,37.2057038940088,4.7137777312466,155.168907258691
-121.773414832161,37.2057226703335,5.62579264779368,9.68936487819556
-121.773482794645,37.2057558826786,7.06824549250442,-170.757657831343
-121.773372384132,37.2056800117553,12.9183086103549,-155.784940775181
-121.773394751378,37.2057181716514,4.67619487285881,-85.4118204403647
-121.7734043277,37.2057153028199,0.907643173288023,87.3047885701006
-121.773441772593,37.205785095075,8.42660154512005,-159.215913900319
-121.773439916248,37.2057502696434,3.86746962239976,-33.461792325473
-121.773407972602,37.205714978541,4.83409702648805,-165.244082125882
-121.773428981548,37.2057584188216,5.16788883309058,-173.883719482144
-121.773397468162,37.2056645532435,10.7837731463284,149.34283415723
-121.773421193817,37.2056830802211,2.9426936049009,144.189586363997
-121.773340440644,37.2056734259239,7.24634189677499,-136.814432789012
-121.77341254564,37.205746419518,10.3219886709837,-176.120608599238
-121.773379673941,37.2057080683984,5.15925433119851,53.4090764852456
-121.773387891851,37.2056889509758,2.24301747663456,172.261362723364
-121.773409330985,37.2057025219387,2.22955323085218,39.9544263131662
-121.773413904021,37.2057052576837,0.506790863889079,28.0809609684556
-121.77343627135,37.2057434176261,4.67619487494116,140.389404327716
-121.773382888546,37.2057232607525,5.23888339368466,91.8315239090533
-121.773402969312,37.2056918778895,3.9116234805959,66.3939884021876
-121.773425766864,37.2056929922613,2.02714128835327,95.5741040060739
-121.773418477064,37.2057295223594,4.10448239044923,-118.659650828115
-121.773470003563,37.2057148538964,4.85390919774873,-160.769024319652
-121.773365524644,37.2057153777613,9.2725105689218,76.1375677711821
-121.773361449402,37.2057025134751,1.47252938764477,-88.9310006493363
-121.773322646475,37.2057097647193,3.53647135430812,11.4727015721185
-121.773219526761,37.2057121844546,9.15567422365289,-173.742948559957
-121.773435343185,37.2057260049582,19.2147426223247,-140.265700198035
-121.773387891851,37.2056889509758,5.88531475501829,-119.579689894556
-121.773380602041,37.2057111284236,2.5442722820186,28.5897311968642
-121.773360521324,37.2057281586283,2.59746896282211,-168.133450203281
-121.773397468162,37.2057076110431,3.99373427734693,-78.2380334100117
-121.773368308899,37.2056527947237,6.60968932420398,-137.815769094449
-121.773360521324,37.2056707482664,2.10851244545204,-76.2509435131076
-121.773399754673,37.2056910381659,4.14628887627849,162.334112192937
-121.773273836969,37.2056636385072,11.5811746916518,-172.775840377752
-121.773360521324,37.2056922771624,8.32347227552171,119.153732240546
-121.773343655185,37.205702970828,1.91002704999026,-147.665310557325
-121.773403399573,37.2056978901934,5.33213465780217,91.4126728803019
-121.773412115395,37.2057834651774,9.52635851113169,150.329061135746
-121.773345013612,37.2057048668298,10.5600320382178,-108.521048079698
-121.773318571143,37.2057327819098,3.88594557444643,-157.512165810024
-121.773374670632,37.205706496675,5.77010405794852,86.5351857343622
-121.77350566028,37.2058628539285,20.8831957478227,166.340346795393
-121.773403897441,37.2057882299628,12.2523087673072,11.1673633172618
-121.773349586588,37.2057291314698,8.13804478983074,-53.4463117569084
-121.773149775632,37.2057284740796,17.7331923570021,161.820453088662
-121.773314428619,37.2056858244048,15.3599306996396,103.796855130458
-121.773316284668,37.2057062969983,2.27748621381665,-86.6300988430758
-121.773399754673,37.2057053907674,7.40850374763494,-91.6617227815426
-121.773398826551,37.2056879781629,1.93377918358095,-123.56370792455
-121.773384246947,37.2056964515482,1.59950382979313,-74.2508761993981
-121.773391106471,37.2057113196242,1.75833744173521,60.6912006795217
-121.773361019064,37.2057395590563,4.11672614119891,-109.709806557479
-121.773405686086,37.205753080288,4.23856232492361,-113.292516032994
-121.773403399573,37.2057122427884,4.5355505253221,-17.6919202345711
-121.773396540043,37.2056973747349,1.75837327378673,13.432552547928
-121.773395181653,37.2056883024338,1.01392714786649,-101.940888400018
-121.773340010268,37.2057032951015,5.17132366906385,79.6720448822474
-121.773306210774,37.2056547078195,6.16924721431331,-44.9727701571325
-121.773208658624,37.2056324296868,9.00356726260407,-165.392183327681
-121.773624582572,37.205828726639,42.8591807024121,180
-121.773368739224,37.2057090412256,26.3039819386465,-142.210717837305
-121.773395181653,37.2057241838984,1.85758390410426,-47.4245330840636
-121.773411617502,37.2057146542622,1.80159019120455,104.327198421355
-121.773425766864,37.2057432263958,3.40974552115351,116.972055294687
-121.773413473779,37.2057423032808,1.09576353735794,46.8951213319925
-121.773357306759,37.2056842611528,8.14376653014989,172.052851085749
-121.773404757958,37.2057213150721,5.88531475562733,99.709920197278
-121.773381960443,37.2057345532961,2.50022855280707,-48.2877712688089
-121.773378315538,37.2057635827363,3.23718008439242,146.388142698466
-121.773364166232,37.2057421869209,2.68563422839105,151.847042897919
-121.773393823261,37.2057581693696,3.17357103108672,-110.720273504381
-121.7734043277,37.205722479123,4.06814055295834,-139.209193833825
-121.773365094314,37.2057452469826,4.30181845299513,-143.871410161024
-121.773389748073,37.2057453051704,2.18800960167658,56.1291222380457
-121.773399324405,37.2057567889443,1.53163223446438,-34.6368772642813
-121.773478221542,37.2057818520832,7.5340896093656,177.105158096295
-121.773423480339,37.2057669755391,5.13099078187889,152.737779579502
-121.773481866426,37.2057599988979,5.2391562924561,83.4521242127261
-121.773503305615,37.2058238038979,7.33068687889811,-14.0748580022677
-121.773538464271,37.2058742876249,6.41175311653839,164.732047939402
-121.773207233444,37.2056036170727,42.0244524557651,178.165386219704
-121.773265188634,37.205648038401,7.12375845313465,-23.8805052841939
-121.773435343185,37.2056972997365,16.0596335015544,157.237924812629
-121.773274334447,37.2057037439525,14.3072291247674,174.767057758921
-121.773381960443,37.2056914955302,9.64788138141908,20.5010374324865
-121.77341754892,37.2056977571035,3.23395725577364,7.74785541807708
-121.773425766864,37.2057001685704,0.776957578432534,115.415185370104
-121.77341254564,37.2057105379898,1.64325311753526,125.121384049486
-121.773403829831,37.2056680210349,4.78030311452548,-106.174901098338
-121.773372384132,37.2056800117553,3.09173034412302,-86.5929528827337
-121.773393823261,37.205722287912,5.06185442790592,123.568881329094
-121.773373312224,37.2057189532803,1.85758390410426,140.308429066946
-121.773385175053,37.2057138641776,1.19473239325119,-46.0630372854974
-121.773391536753,37.2056958030023,2.0819733832759,-175.868743699841
-121.773375598727,37.2057310856168,4.1625224964207,-118.507740311659
-121.773317212696,37.2057093570236,7.87990536566622,101.216860845074
-121.773355948342,37.2056464836601,7.77702220914738,-37.5218365904812
-121.773320360002,37.205503872309,16.1354543223284,-101.582726954906
-121.773279768345,37.2055175679053,3.90985619366554,-92.1400047732637
-121.77340525583,37.2057327154784,26.3413817989768,124.06849073745
-121.773371025723,37.2057283498483,3.07614278781613,-122.10719423181
-121.773374670632,37.2057352018619,0.826211164720281,-145.942844682748
-121.773376957133,37.205725805301,1.06220409010425,127.450468532007
-121.773402969312,37.2057492883527,3.48110866999271,-172.892411313134
-121.773394751378,37.2057397005572,1.28972347498053,118.089374502737
-121.773402041185,37.2057390519872,0.650872414366922,44.701463046528
-121.773423480339,37.2057526229515,2.42648499111996,154.052810578315
-121.773411617502,37.2057505357452,1.07797332571,-156.497187641967
-121.773447206038,37.20577114996,3.89959558566398,32.1986123989452
-121.773453137468,37.2057829580099,1.41191541088846,89.4609389185124
-121.773428053391,37.2057912402261,2.40835723411551,145.348594840192
-121.77344584768,37.2057692540058,2.90597624200369,-118.988722998378
-121.773386533453,37.2057659942399,5.27657460143994,41.7338436026573
-121.773342296755,37.2057297800311,5.61754411182368,-50.4796021032637
-121.773279337856,37.2057340208474,5.60734352545025,-158.308010402971
-121.773461355442,37.2057781932231,16.8809237026493,13.8448039948839
-121.77359134907,37.2058399860245,13.4202130641334,158.616566621182
-121.773411187257,37.2058162865523,16.2038764654012,129.627478101833
-121.773473218317,37.2057731041325,7.29815042944615,-53.1162892152568
-121.773472290109,37.2057628677378,1.13874736926797,-62.5145105296677
-121.77344127461,37.2057521656119,2.99766953615117,89.9788258008532
-121.773464502281,37.2057090581206,5.20818637129646,169.654037373665
-121.77345085093,37.2057564730731,5.39845449131999,5.86290494580157
-121.773442202783,37.2057767546037,2.37772810218546,40.276079988659
-121.773327717064,37.2058315453143,11.8401810298006,171.623765156625
-121.773437629715,37.2057596662018,12.5998825791202,120.696032569794
-121.773451348942,37.205832460393,8.16799363916161,-142.365271708945
-121.773537037717,37.2057091246303,15.6555288603325,-149.381656289757
-121.773505094003,37.2057240676767,3.28420266433268,-9.65728561023801
-121.773345511305,37.2058310880293,18.4819605555367,-151.608119970217
-121.773655666843,37.2057802306565,28.0983743716889,-154.598767686283
-121.773542539153,37.2057579782643,10.3391251286177,-14.7174134544935
-121.773412975882,37.2057596079978,11.4999271791235,159.667619688413
-121.773526103115,37.2057244500818,10.7710662708456,128.663770505961
-121.773506950492,37.2057732455579,5.67471855201585,-144.044398214338
-121.773571268102,37.2057350191081,7.11149582286189,-152.932571779603
-121.773434347264,37.2057534380834,12.3222287529831,-55.1509889526823
-121.773388322139,37.2058313124526,9.55721258961262,-149.705644837322
-121.773498732498,37.2057708340569,11.8761608037507,78.7138828057587
-121.773540252575,37.2058032563044,5.14969746029139,153.85026591707
-121.773335867684,37.2057496292896,19.0898445109408,158.365601138179
-121.773480938209,37.2057425862358,12.8983923750443,92.5514289451592
-121.773481866426,37.2057887040771,5.11765788262405,132.65644807811
-121.773447206038,37.2057639736629,4.12204596048737,-23.6442019936328
-121.773443991329,37.2057631338275,0.300154127105087,151.306605927409
-121.773616863036,37.2057372477381,15.6086900135173,44.1599131856516
-121.773788876044,37.2058285106496,18.3189201295936,162.95706944921
-121.773504663932,37.2057611132194,26.3085833596823,-158.155815926549
-121.773526103115,37.2057746841661,2.42640577679955,129.803706102438
-121.773489156189,37.2057808791869,3.35023195177506,36.8532414506308
-121.773428981548,37.2057584188216,5.89317601954682,58.3817673958232
-121.773421193817,37.2057046091308,6.01032108724729,154.164542908961
-121.773449492575,37.2057402245,4.68224301919434,-156.134997963951
-121.773442632971,37.20570382749,4.08406234551405,-165.917531932991
-121.773437629715,37.2057453136003,4.6244955101808,174.936568255915
-121.773438059911,37.2057010917481,4.90666574213189,-143.116389212006
-121.773501019056,37.2057327323194,6.86887084276473,-167.61174871303
-121.77344127461,37.2057019314861,6.30815646286,91.3942618429449
-121.773471361903,37.2056665157678,4.75076938734589,-140.998325436538
-121.773431698289,37.2056760950754,3.67710022981776,-139.024332550109
-121.773574912963,37.2057275185128,13.932097378172,123.643815534069
-121.773528389686,37.2057509350225,4.878332498764,11.8664395719017
-121.773373742539,37.2057967283324,14.6349962911153,-169.453757087489
-121.773584489272,37.2057677074779,18.9785964518901,-158.589444130508
-121.773497804263,37.2057534213986,7.85482811846326,158.894344137752
-121.773537965998,37.2057480661781,3.61346450548137,77.3098243435156
-121.773553473754,37.2057785342716,3.64994982889015,109.544204474053
-121.773489156189,37.2057808791869,5.71406987131578,-179.651096770962
-121.773528389686,37.2057796402141,3.48468223285774,-16.0240819295911
-121.773681679408,37.205739126866,14.3276197824818,-116.401661445537
-121.773513742042,37.2056033181602,21.1941366811503,-144.774031164959
-121.773534751146,37.2057041686104,11.3439489523657,90.4713158077312
-121.773487299741,37.2057101724688,4.26353716919831,-124.445182456706
-121.773523816547,37.2057410229478,4.71370804405554,-71.4596784326239
-121.773545255731,37.2057330649987,2.09757370870462,-95.0978845079847
-121.773533392852,37.2057166252123,2.10608826541166,4.42707627819905
-121.773514670294,37.205685317388,3.85068251823065,-168.467986280262
-121.77352060172,37.2057043017091,2.17128624139127,-176.586159401763
-121.773477655484,37.2055210701952,20.684455226816,-176.240597623429
-121.773508308806,37.2057249074484,22.7794547818348,-38.8255105490499
-121.77351424024,37.2057295391929,0.735689750446264,169.225556236818
-121.773415692637,37.2056772845063,10.4931732520912,-152.167873383599
-121.773505162105,37.2058083953021,16.573047275919,-161.736390729034
-121.773476365119,37.2056824401266,14.2069200660727,139.503981718995
-121.773525174848,37.2057142137456,5.58512839814084,152.841397177794
-121.773480938209,37.2057067047555,4.01338239502709,-145.442185309641
-121.773494159389,37.2057178642339,1.70584843936242,-64.0669028196262
-121.773548900594,37.2057040355097,5.09479856491344,180
-121.773507380559,37.2057146711168,3.8692071866606,-0.63361205008502
-121.773484583088,37.2057207330693,2.1321652848595,58.5560922007324
-121.77344670804,37.2056951629089,4.39865074656306,128.524493598415
-121.773566264966,37.2056760368571,10.8206719517068,119.421937226924
-121.773530676258,37.2057630673675,10.1596523528898,146.72747278018
-121.773521529981,37.2057360669159,3.10377272947558,59.3517141021864
-121.773554832035,37.2057086672514,4.23994957747832,-162.396998421153
-121.773513311987,37.2057264791478,4.1813930016887,123.293623895154
-121.773521960021,37.2056487873711,8.65429079527299,-164.656434334465
-121.773491012644,37.2057152362893,7.86773729249446,-55.2158684394829
-121.773559903539,37.2057945666224,10.7171490431956,-141.653291880558
-121.773563050064,37.2057541365338,4.49454650090716,-131.494419899371
-121.773521099939,37.2057802888138,4.72025838285926,102.116545383023
-121.773501019056,37.2057470849192,4.09249637565528,150.159205755218
-121.773541610865,37.2057692707759,4.36319365867345,-138.377152683725
-121.773535679424,37.2057502864381,2.17118954762979,-154.734166995578
-121.773511025428,37.2057143468354,5.91747393841019,176.602365413031
-121.773542969155,37.2057783430153,7.64563795804348,-118.757668889894
-121.773547542309,37.2057739025234,0.638298338918859,106.601845501657
-121.773602283638,37.2058390130705,8.70585931816851,22.9981517798441
-121.773610071829,37.2058712940901,3.64773189932347,161.856378902491
-121.773509667118,37.2057268034326,18.341697161994,-179.284573023472
-121.773565336651,37.205809326651,10.4042610508022,-173.25820069366
-121.773537037717,37.2057521824034,6.81975207308778,121.834951533773
-121.773545685727,37.2057534297806,0.779859532145558,107.116385432786
-121.773522458244,37.2057893610513,4.48805761552169,-107.384698188961
-121.773650663781,37.2058073642708,11.5521114526028,-158.938154164495
-121.773495947798,37.2057329487275,16.02213515177,25.5616334320135
-121.773454925984,37.2056832217779,6.6103079556433,-170.484721595419
-121.77352338651,37.2058067737658,14.9946314229374,151.016808830756
-121.77339703789,37.2057303039902,14.0615123845111,175.772487874845
-121.77343627135,37.205750593933,4.14625740809849,-55.3161554642728
-121.773461355442,37.2057423117026,2.40839658212564,-48.5954435983946
-121.773469573426,37.2057231942542,2.24311245588897,-128.124391145766
-121.773422121965,37.2057363743801,4.45788154261449,155.234991557215
-121.773450420757,37.2057145793037,3.48645238796285,74.7999149675592
-121.773497872329,37.205737280746,4.90704402524187,-157.110914908218
-121.773467286878,37.2057038855863,4.59316675950766,177.706177260902
-121.773481436311,37.2057181051338,2.01637710997672,76.0669518534652
-121.773459997092,37.2057404157252,3.12222200560133,-13.5676723392142
-121.77344084442,37.2057748586518,4.18259667469178,86.1673837889032
-121.773407972602,37.2057652126208,3.10741445038889,167.12804408984
-121.773563118447,37.2057810538529,13.8806254493897,172.366125844467
-121.773458638741,37.2057815776309,9.27251249022451,25.0054013477919
-121.773061170532,37.205645270067,28.5805141132909,169.608826063797
-121.773403399573,37.2057050664915,31.0885388387411,-119.44923014637
-121.773379673941,37.2056434817138,7.150005819226,143.037915428455
-121.7734152624,37.2056640958629,3.89953798470095,55.7467813761571
-121.773414334261,37.205689741078,2.8465636639318,-71.3394595286364
-121.773490084415,37.2057121762522,7.16878813768704,-167.68715499348
-121.773416190542,37.2056743321586,7.78698302139924,-175.168661390863
-121.773443991329,37.2056913708933,3.10831055366585,174.043131288143
-121.773361879739,37.2056511153993,8.54723287691118,159.47556225253
-121.773421624043,37.2056603873603,5.40111840458661,-164.249398461582
-121.773366883054,37.2056383345909,5.43959887727117,-164.217587654875
-121.773468645222,37.2057129579005,12.2522421499988,176.431102128942
-121.773361879739,37.2056439390993,12.1829394687827,-175.734525438442
-121.773390178358,37.2056652017735,3.44569893244549,-33.2368376679849
-121.773444919503,37.2056729019722,4.93289721768142,-134.409283174302
-121.773436701549,37.2056633142131,1.28986282114719,-65.6477452577786
-121.773348658524,37.2056758373777,7.93622172365243,16.0295399691645
-121.773275692924,37.2056697584596,6.51074247495977,153.521901323334
-121.773313998195,37.2056582831923,3.63016366678014,131.772520740102
-121.773437629715,37.2057309609933,13.4121717468872,-97.1175351917675
-121.773449922749,37.2057103552349,2.53323463821215,-86.1600768275809
-121.773421193817,37.205697432829,2.92511612727347,177.381128182063
-121.773448564394,37.2057084592371,2.71973258423385,-95.4881825744224
-121.773452209283,37.2057009586566,0.892848800584239,-130.007320661036
-121.77339703789,37.2057159513778,5.17119601672411,-94.2852839657945
-121.773400682796,37.2057228034038,0.826211166424639,-169.273221862774
-121.773374670632,37.2056275572978,10.8170920057481,153.534192725012
-121.773457212519,37.2057097066776,11.6937046753771,63.60663740491
-121.773435343185,37.20574753386,4.62407830738004,26.6667419457619
-121.773355517994,37.2057983498268,9.05419719847008,180
-121.773603641886,37.2056399725195,28.1727780164631,164.82837659514
-121.773521099939,37.2057300546877,12.3919781895055,23.9328554027315
-121.773329505903,37.2058179244272,19.6004523141702,-166.763366237486
-121.773455424007,37.2057879140646,11.6605545245154,-27.3522270088201
-121.773610931582,37.2056680292469,19.1678315277381,14.9296955546548
-121.773945242317,37.2055197125625,33.927742561381,176.873893654061
-121.773461785594,37.2057626764907,50.6719892651568,-135.452810342742
-121.773485511308,37.2057668508998,2.15592642925505,114.919280841152
-121.773466358677,37.2057869411652,2.80317486083054,112.680551083124
-121.773430770129,37.2057376217876,6.31828105207143,-145.023425633126
-121.773429411761,37.2057500784064,1.38729917871055,56.0805292634697
-121.773409761233,37.2057587681698,1.99281781662023,-105.266128378902
-121.773425766864,37.2057719315853,2.03745844085029,-74.0052438013252
-121.773449492575,37.2057617534104,2.38947407844314,-157.653954493959
-121.7734152624,37.2057645640368,3.05396089173946,87.2906532225542
-121.773412975882,37.2057524317108,1.36134332707464,-175.466716082536
-121.773417118685,37.2057993894249,5.22306261236663,-161.992148045384
-121.773436203583,37.2057380293971,7.01565245693021,82.9756580052864
-121.773543399155,37.2057484737534,9.58382709404401,-166.423136828825
-121.773474078576,37.2057277181541,6.56900902389945,-15.156251876149
-121.773428913817,37.2057243254091,4.02600690181643,-178.979906096968
-121.773553473754,37.2057354764764,11.1236375749122,139.846563963196
-121.773455424007,37.2057879140646,10.4677067074428,112.981952434378
-121.773440776631,37.2057264126011,6.94650290140281,114.246075344996
-121.773672103079,37.2057707010249,21.1097170450854,-171.881432733884
-121.77344899457,37.205700118921,21.2929447330673,-136.693298964061
-121.773460359364,37.2057195109016,2.37627276376964,144.049696839921
-121.773380534545,37.2056842115543,8.09484179023055,-146.484327578391
-121.773573691563,37.2059803950951,37.0648674331363,-168.798779462429
-121.773504233859,37.2057909825627,21.9012428442964,-50.9192350476695
-121.773391536753,37.2057532133333,10.8442591191893,-176.902135518624
-121.773535249409,37.2058088609809,14.170232810839,-147.931411979833
-121.773421126123,37.2056633397426,19.0597852681096,163.623883396194
-121.773542969155,37.2057496378539,14.4433777866104,120.849773639323
-121.77344670804,37.2057741020087,8.96389323489328,120.97670382229
-121.773457642678,37.2057372477644,4.20265207444183,-23.1794689614468
-121.773452639452,37.2057141472221,2.60124590320037,-132.842180052359
-121.773459499056,37.2057218389948,1.48187416806909,133.734807861409
-121.773366022398,37.2058344225577,14.9953628394224,-171.246197747108
-121.773492801067,37.2057231445423,16.7043767368892,-145.684733028168
-121.773357306759,37.2057488476778,12.3584797720514,90.278056441638
-121.773347730462,37.2057158351072,3.76023002581184,111.385854170425
-121.773490514514,37.2057325411062,12.8068168716337,-167.870215458833
-121.77346907536,37.2057261464554,2.03077996200213,-49.3569697619527
-121.773391536753,37.2057603896185,7.86063836068383,-161.54211626054
-121.773681679408,37.2057175978819,26.1837980056903,-175.53146527736
-121.773501019056,37.2057327323194,16.1210721001831,-135.933696422876
-121.773527031385,37.2057490390537,2.93312115932944,153.646926781713
-121.773428483605,37.2057326657569,8.93259931925205,66.3369165653428
-121.77342026567,37.2057015491128,3.52873175917212,99.4854101541762
-121.773584489272,37.2056959444286,14.5878330926694,63.4660192546136
-121.773615934665,37.2057413639761,5.7606077853583,129.80590122777
-121.773339512592,37.2056990710766,24.9768631920598,151.871633039865
-121.773512881931,37.205655880094,16.115347032594,-144.181054359559
-121.773466358677,37.205643415052,4.35442677063104,-133.987904334317
-121.773521529981,37.2057360669159,11.3865893250135,-154.806134788232
-121.773521031761,37.2056529037088,9.22725220920291,-178.90322106588
-121.773519243417,37.205752639757,11.0671108538757,127.954241951136
-121.77342755545,37.2056937242722,10.4376360448087,-132.128220013417
-121.773430770129,37.2057376217876,4.87894815870284,159.767892475248
-121.773390608641,37.2056640378284,8.90841009399357,174.210284255776
-121.7734417048,37.2057366489319,9.24492395608573,24.6118156058828
-121.77344584768,37.205776430307,4.42911850535663,164.938553468883
-121.773387824319,37.2056476816701,15.1847781813908,9.54512278699295
-121.77338189294,37.2056215211255,2.94999704605174,126.479736175575
-121.773723629535,37.2057560323904,33.801863984749,166.180916537603
-121.773336795732,37.2056881027769,35.1486171068804,-137.758101804959
-121.773378315538,37.2057348775789,6.36498877844654,-72.9414314703786
-121.773452209283,37.2057153112595,6.9078676256544,27.1065037618945
-121.773526103115,37.2057244500818,6.63594946977172,-28.2824182738528
-121.773619579505,37.2056979819269,8.80043872348242,-175.054344391898
-121.773443991329,37.2057344286703,16.0995078857621,-125.234905433957
-121.773504663932,37.2057754658044,7.05163266376804,167.608913898117
-121.773458140708,37.2057558244908,4.66869953887064,142.128849021919
-121.773513311987,37.2057480080162,4.97255572621799,-173.831644349699
-121.773448564394,37.2057515170323,5.75939703265793,-155.484532174945
-121.773488227964,37.2057634665199,3.76155300829301,147.945287183167
-121.773460427248,37.2057679568273,2.51715126673622,80.4316796278542
-121.773447636216,37.205741280675,3.1699707574583,-62.6926688653626
-121.773359162907,37.2057334389388,7.89995853202398,-164.186722876902
-121.77346907536,37.2057692041907,10.5308060739631,-142.129718589064
-121.773445349686,37.2057363246467,4.21200462027997,154.666118997487
-121.773725486534,37.2058913263487,30.2303473097408,176.34138233184
-121.773443991329,37.2057559575403,29.1497102237746,-176.455704726819
-121.77349551771,37.2057843467692,5.55283996854225,33.551766953389
-121.773393823261,37.2057366404991,11.6120729244597,-133.531262465901
-121.773402471447,37.2057809455794,4.97550385104964,-107.056365571395
-121.773439848464,37.2057664101885,3.68849000142324,122.227615635157
-121.773435275422,37.2057995556905,3.69997972865725,-80.0040190275529
-121.773552115471,37.2058268723944,10.8032102748541,-154.465405055971
-121.773490514514,37.2057827751291,7.33665554656405,-54.9932884349485
-121.773410689367,37.2057977096424,7.27567491395874,106.466354147009
-121.773414334261,37.2057471513907,5.61900439236062,-166.581831452324
-121.773383318843,37.2058297408579,9.56811255888783,33.5453624539343
-121.773372814448,37.2058367257924,1.21236209137004,-155.384488283476
-121.773434415021,37.2058234129103,5.66302495153949,-156.103409967826
-121.773310783705,37.2058081453185,11.1020867786249,154.116909307877
-121.773474576656,37.205767823785,15.2092974803155,10.7526972548389
-121.773481866426,37.2057671751948,0.650884759198142,95.2603223002061
-121.773482794645,37.205806116791,4.32161670158663,-180
-121.773481866426,37.2057599988979,5.11766078726732,19.7570586144151
-121.773499162581,37.20571943594,4.75520208750854,-159.163320887874
-121.773464072135,37.2057532799451,4.87846914169717,106.102394492616
-121.773429841972,37.2057130328691,5.40085241522093,160.137986250565
-121.773465430478,37.2057336470333,3.89953798577382,173.435747817248
-121.77345585417,37.2057293395729,0.975006789686947,36.5093240494163
-121.773428913817,37.2056812677034,5.84513215047321,-148.734325198909
-121.773411187257,37.2057947576643,12.6899878640164,-164.509078895138
-121.773465430478,37.2056905892454,12.5203316510128,-110.415036082819
-121.773384677242,37.2056881112579,7.17201470458418,-107.118714608295
-121.773407972602,37.2057580363278,8.02915215324206,71.0351065613444
-121.773387461562,37.205769054331,2.19271851550101,-116.762116902515
-121.77339703789,37.2057733617945,0.975054670147845,-36.8115169840588
-121.773453567635,37.20576744128,5.05974893083132,-144.723276312971
-121.773382888546,37.205737613351,7.09223904101155,-170.520010074775
-121.773456782359,37.2057826337115,8.2436643551677,-171.789868905114
-121.773431698289,37.2057622107465,3.17649172845736,109.244405878959
-121.773484583088,37.2057422619476,5.18919101148196,128.986270654262
-121.773474576656,37.2057750000842,3.73927868023701,-83.5862302998884
-121.773482794645,37.2057774115921,0.776957579929923,-153.126526995777
-121.773401113061,37.2057072867669,10.6343003392907,-128.724823584226
-121.773381530143,37.2058146566253,12.039205378686,-136.388128681823
-121.77347779142,37.2057543110034,10.854249115203,-166.89126095166
-121.773460427248,37.2057607805322,1.70004335279398,57.0752967601858
-121.773419767755,37.2057403827095,4.25942067092218,175.361980773536
-121.773453137468,37.2057542528174,3.33738780644795,152.260733126028
-121.773400184938,37.2057544607188,4.6994489992004,-149.180970954163
-121.773465000333,37.2057850452236,6.67861573834136,-163.805009867429
-121.773394751378,37.2057253479547,9.09623885661455,156.342395976734
-121.77346678882,37.2057498955845,6.94927913532277,80.6640377073598
-121.773456782359,37.2057826337115,3.73930116976278,-91.3310900765011
-121.773468645222,37.2057847209242,1.07807125859892,69.0200530129408
-121.773470931768,37.2057968532765,1.36124464356064,138.789440108692
-121.77341025912,37.2057558160747,7.05163266258386,174.438483236377
-121.773556688642,37.2058367845362,15.7984541499739,168.679909988991
-121.773525673082,37.2058260824264,2.99789260733983,19.0693742387033
-121.773462713789,37.2057800891704,7.56713008249812,-4.73859987652622
-121.773282982786,37.2056691099347,20.1508093390889,-175.872908554073
-121.773379243637,37.205737937635,11.4587733937837,-15.4883093536051
-121.773438988079,37.2057615621622,5.914721445658,-25.1472208655463
-121.773479579877,37.2057622191507,3.60319525555377,-148.946948375833
-121.773430770129,37.2057376217876,5.1198439511078,168.167586136327
-121.773570838153,37.2057792410844,13.2608634869849,-168.354336482765
-121.773451281101,37.2057194275216,12.5150118739419,12.9930738423629
-121.773408402853,37.2056851093381,5.3833508707334,150.057477860882
-121.773583131011,37.2057227536765,16.0596154910178,144.176943567327
-121.773437629715,37.2057668425005,13.8085098481294,122.145340301282
-121.773443991329,37.2057416049617,2.85655886126299,-180
-121.773439916248,37.2057574459471,1.7944921423827,-47.2730137670775
-121.773466358677,37.2057869411652,4.02706302411746,-176.439872082862
-121.773433984818,37.2057456378883,5.40894073496989,-145.611228702923
-121.773433056656,37.2057641067048,2.05086197057783,-67.0324066519137
-121.77345085093,37.205770825665,1.74630830327431,75.8398128004431
-121.773442632971,37.2058042955976,3.78461005625921,-133.40050214029
-121.773562121754,37.2057439001688,12.5444036135329,84.8259235202484
-121.773630651436,37.2058154304561,9.99885559610844,146.075486432235
-121.773559835172,37.2057963544189,6.63165001308159,121.234436888699
-121.773720913201,37.2056876534385,18.7035023107076,-154.438367957725
-121.7734676491,37.2057403911297,23.2260004360966,10.9150047081623
-121.773401475726,37.2057437921748,5.88489203959175,177.476087359709
-121.773652451797,37.2057219803646,22.4048797273534,-157.886332361612
-121.773398261118,37.2056640137937,23.4580383085629,178.244276929332
-121.773521031761,37.2056887851332,11.2371170977737,57.7408558206331
-121.773542969155,37.2057424615602,6.26583326118772,-49.1176818752082
-121.773804383886,37.2058302735282,25.1630107694278,175.97740370155
-121.773527461415,37.2057550512445,25.9550564826173,29.1573246129628
-121.773427125235,37.2056661830441,13.2859807086231,132.62393368409
-121.773471361903,37.2056665157678,3.92612460557575,43.7726345720896
-121.773489156189,37.2056804109973,2.20693140254772,175.211049724389
-121.773429841972,37.2056412698947,6.82421515928583,151.998005469352
-121.773504663932,37.2056534686567,6.776868454653,97.7599648410707
-121.773484152978,37.2057003681902,5.51287094740429,-162.588660060149
-121.773498732498,37.2056847184682,2.16545900208441,-152.319271583449
-121.773471361903,37.2056952209885,2.69411989333374,131.311726508291
-121.773477293329,37.2056783238178,1.94724686939464,123.532615348264
-121.773504663932,37.2057037028244,3.71886633243683,161.230488044743
-121.773471361903,37.2056880446854,3.42834567170165,-130.188274021024
-121.773479579877,37.2057263376637,4.31084674806836,138.880587325006
-121.773430770129,37.2056945639981,5.5850662837447,125.395395610435
-121.773483224758,37.2056829555613,4.83014211509478,-5.06843413121723
-121.773492801067,37.2056800867251,0.907549986903415,110.533766370497
-121.773503305615,37.2057089831303,2.58400945281256,171.157070936431
-121.773491442742,37.205692543326,2.10608826493572,-100.608884573737
-121.773482794645,37.2056984721819,1.0108177381769,142.222802845851
-121.773485511308,37.2056879115797,1.19620472035808,127.389130785814
-121.773520171677,37.2057198183365,4.68988388876651,11.499622884798
-121.773583131011,37.2058088693189,11.350962880541,-26.3641476139106
-121.773702121184,37.205873422367,12.759981739084,-169.55995813455
-121.773546184022,37.2057504776659,19.4319877983991,-125.400539119743
-121.773537965998,37.2057911239561,4.56843124224409,-172.764832537002
-121.773548900594,37.20576144589,3.43295206422303,-4.79837201930755
-121.773550258877,37.2057561655587,0.598053257380629,-78.7451898594768
-121.773509237054,37.2057423201051,3.95157147063515,-165.114335526731
-121.773563050064,37.2057756654246,6.04130129238918,170.543342015435
-121.773531106282,37.2057619032406,3.22002612674605,-153.920919278496
-121.773564408338,37.2057990902331,5.07528449651716,-88.8677343039452
-121.773593137234,37.2057833074082,3.09311723678501,-133.823366500524
-121.773540252575,37.2057745511212,4.79291621576801,65.52277318471
-121.773525174848,37.2057213900412,6.04830420184085,-179.201329489831
-121.773537965998,37.2057695950733,5.46769923452116,-176.591808194286
-121.773535679424,37.2057574627343,1.36135951133095,137.90920494744
-121.77356762324,37.2057784012264,3.66527580576522,-167.310768158097
-121.773473150371,37.2056816004218,13.6255119639871,164.964949513474
-121.773713554416,37.2058264399597,26.7108217068973,178.230478465317
-121.773353164139,37.2056229512736,39.1502429542273,-172.147244377162
-121.773474078576,37.2057133655794,14.6899027373295,-61.4597190221389
-121.773496876029,37.2057073036376,2.13203803416585,66.8635122224782
-121.773593635673,37.2057947079955,12.9533775699711,175.063597749119
-121.773553473754,37.2057641816787,4.9169656065422,-32.6019807384982
-121.773463143939,37.205750219874,8.16501722301788,-167.439462250013
-121.773520171677,37.2057700524185,5.51886932100486,-57.9783924948168
-121.773548900594,37.2057542695972,3.09297786962032,-164.893352782719
-121.773465000333,37.2057778689255,7.89299597229933,165.1398958043
-121.77351424024,37.2057510680843,5.2857664740147,88.0081084205688
-121.773544825733,37.2057844632279,4.59316676006773,-44.8630263466813
-121.773711336868,37.2058053435924,14.9581685409991,179.52434902364
-121.773518813371,37.2057825090588,17.2730703997741,108.147786528115
-121.773545255731,37.2057402412974,5.24417712212917,-19.5980583469784
-121.773547972301,37.2057225043725,1.98265734985048,175.377997288473
-121.773547542309,37.2057308447302,0.926270613027783,120.284238805938
-121.773527031385,37.2057203338183,2.16191138837678,-141.471804148337
-121.773566264966,37.2058123867912,10.7908478120971,164.598416801472
-121.773532034556,37.2057721396204,5.40093436018312,153.663547818675
-121.773578127885,37.2057929450945,4.69706569354947,-19.4026733348846
-121.773614146559,37.205798042521,3.24630240928891,-133.074145026851
-121.773568053195,37.2057413556162,7.50285668733391,-147.815776930164
-121.773571766476,37.2059401798972,22.0625733100665,173.465301502244
-121.773540252575,37.2057458459161,21.7426284374632,134.850601045809
-121.773595853735,37.2057799230062,6.2165816843656,89.8717317728097
-121.773573056317,37.205742927296,5.34958674421368,-24.2406819795768
-121.773466720905,37.2056296871378,15.713744626491,-164.238991281885
-121.773487729844,37.2056731270583,5.16783332493347,-34.9046035526385
-121.773570339783,37.2057176064524,8.83780125824628,47.0755577568584
-121.773584489272,37.2057892363659,8.0462118258345,158.233544902579
-121.77354068258,37.2057303292363,7.6048212355556,-136.285661782594
-121.773527031385,37.2057777442672,5.39857340161936,-143.098160861716
-121.773546184022,37.2057648302719,2.22311702361288,-28.6290354521579
-121.773557118618,37.2057423284883,2.67864006687926,145.645888167665
-121.773578127885,37.2058144740045,8.21908900112924,174.87361065953
-121.773562620099,37.2057768295783,4.39769394750036,89.2101760099183
-121.773594993928,37.2057678987197,3.03923608969318,-99.5997239041151
-121.773573056317,37.2057357510083,4.06368834509482,-163.455378852733
-121.773582202677,37.2057699277294,3.87794405259328,81.5508858103363
-121.773486439531,37.2057986161896,9.07533412451204,117.25728324959
-121.773504663932,37.205674997594,13.8108347150797,-121.618599970096
-121.773483224758,37.2056829555613,2.09757370705912,-142.703415818034
-121.773495087621,37.2056850427419,1.07805104178375,-64.8562577355467
-121.773516526805,37.2056627321431,3.12222200709271,180
-121.773495087621,37.2056850427419,3.12222200709271,180
-121.773526103115,37.2056526869875,4.523732278709,-156.836224337282
-121.773360951662,37.205726994569,16.8166791219349,-144.787984368119
-121.773447636216,37.2057341043856,7.73346274998055,-173.449926118699
-121.773435773385,37.2057320171894,1.07795310614602,46.7044878908528
-121.773399754673,37.205683861863,6.22616667559294,-26.1379667594625
-121.772981974421,37.205467090556,44.1952727692967,29.7951319862055
-121.772950031436,37.2054174468329,6.19480288610251,4.02219826942627
-121.77257185312,37.2047120674905,85.1573884353229,51.2510700623949
-121.773096692141,37.2039238181051,99.0894245217149,31.6607732182007
-121.773429571034,37.2037682221175,34.2176354429056,-139.186112045826
-121.773388912562,37.2037621863832,3.67004722715011,128.58576424695
